question_id,image_url
406,https://mtlifeapplication.s3.ap-northeast-1.amazonaws.com/%E7%AC%AC67%E5%9B%9E(2021%3AR3)-AM/%E4%BF%AE%E6%AD%A3%E5%89%8D-%E7%AC%AC67%E5%9B%9E-%E5%95%8F%E9%A1%8C6(No.1).png
417,https://mtlifeapplication.s3.ap-northeast-1.amazonaws.com/%E7%AC%AC67%E5%9B%9E(2021%3AR3)-AM/%E4%BF%AE%E6%AD%A3%E5%89%8D-%E7%AC%AC67%E5%9B%9E-%E5%95%8F%E9%A1%8C17(No.2).png
419,https://mtlifeapplication.s3.ap-northeast-1.amazonaws.com/%E7%AC%AC67%E5%9B%9E(2021%3AR3)-AM/%E4%BF%AE%E6%AD%A3%E5%89%8D-%E7%AC%AC67%E5%9B%9E-%E5%95%8F%E9%A1%8C19(No.3).jpg
421,https://mtlifeapplication.s3.ap-northeast-1.amazonaws.com/%E7%AC%AC67%E5%9B%9E(2021%3AR3)-AM/%E4%BF%AE%E6%AD%A3%E5%89%8D-%E7%AC%AC67%E5%9B%9E-%E5%95%8F%E9%A1%8C21(No.4).jpg
425,https://mtlifeapplication.s3.ap-northeast-1.amazonaws.com/%E7%AC%AC67%E5%9B%9E(2021%3AR3)-AM/%E4%BF%AE%E6%AD%A3%E5%89%8D-%E7%AC%AC67%E5%9B%9E-%E5%95%8F%E9%A1%8C25(No.5).jpg
447,https://mtlifeapplication.s3.ap-northeast-1.amazonaws.com/%E7%AC%AC67%E5%9B%9E(2021%3AR3)-AM/%E4%BF%AE%E6%AD%A3%E5%89%8D-%E7%AC%AC67%E5%9B%9E-%E5%95%8F%E9%A1%8C47(No.6).jpg
449,https://mtlifeapplication.s3.ap-northeast-1.amazonaws.com/%E7%AC%AC67%E5%9B%9E(2021%3AR3)-AM/%E4%BF%AE%E6%AD%A3%E5%89%8D-%E7%AC%AC67%E5%9B%9E-%E5%95%8F%E9%A1%8C49(No.7).jpg
455,https://mtlifeapplication.s3.ap-northeast-1.amazonaws.com/%E7%AC%AC67%E5%9B%9E(2021%3AR3)-AM/%E4%BF%AE%E6%AD%A3%E5%89%8D-%E7%AC%AC67%E5%9B%9E-%E5%95%8F%E9%A1%8C55(No.8).jpg
461,https://mtlifeapplication.s3.ap-northeast-1.amazonaws.com/%E7%AC%AC67%E5%9B%9E(2021%3AR3)-AM/%E4%BF%AE%E6%AD%A3%E5%89%8D-%E7%AC%AC67%E5%9B%9E-%E5%95%8F%E9%A1%8C61(No.9).jpg
466,https://mtlifeapplication.s3.ap-northeast-1.amazonaws.com/%E7%AC%AC67%E5%9B%9E(2021%3AR3)-AM/%E4%BF%AE%E6%AD%A3%E5%89%8D-%E7%AC%AC67%E5%9B%9E-%E5%95%8F%E9%A1%8C66(%E7%84%A1%E7%90%86%E3%82%84%E3%82%8A%E7%94%BB%E5%83%8F%E5%8C%96).png
467,https://mtlifeapplication.s3.ap-northeast-1.amazonaws.com/%E7%AC%AC67%E5%9B%9E(2021%3AR3)-AM/%E4%BF%AE%E6%AD%A3%E5%89%8D-%E7%AC%AC67%E5%9B%9E-%E5%95%8F%E9%A1%8C67(No.10-A).jpg
467,https://mtlifeapplication.s3.ap-northeast-1.amazonaws.com/%E7%AC%AC67%E5%9B%9E(2021%3AR3)-AM/%E4%BF%AE%E6%AD%A3%E5%89%8D-%E7%AC%AC67%E5%9B%9E-%E5%95%8F%E9%A1%8C67(No.10-B).jpg
477,https://mtlifeapplication.s3.ap-northeast-1.amazonaws.com/%E7%AC%AC67%E5%9B%9E(2021%3AR3)-AM/%E4%BF%AE%E6%AD%A3%E5%89%8D-%E7%AC%AC67%E5%9B%9E-%E5%95%8F%E9%A1%8C77(No.11).jpg
481,https://mtlifeapplication.s3.ap-northeast-1.amazonaws.com/%E7%AC%AC67%E5%9B%9E(2021%3AR3)-AM/%E4%BF%AE%E6%AD%A3%E5%89%8D-%E7%AC%AC67%E5%9B%9E-%E5%95%8F%E9%A1%8C81(No.12).jpg
483,https://mtlifeapplication.s3.ap-northeast-1.amazonaws.com/%E7%AC%AC67%E5%9B%9E(2021%3AR3)-AM/%E4%BF%AE%E6%AD%A3%E5%89%8D-%E7%AC%AC67%E5%9B%9E-%E5%95%8F%E9%A1%8C83(No.13).jpg
504,https://mtlifeapplication.s3.ap-northeast-1.amazonaws.com/%E7%AC%AC67%E5%9B%9E(2021%3AR3)-PM/%E4%BF%AE%E6%AD%A3%E5%89%8D-%E7%AC%AC67%E5%9B%9E-%E5%95%8F%E9%A1%8C4(No.1).jpg
516,https://mtlifeapplication.s3.ap-northeast-1.amazonaws.com/%E7%AC%AC67%E5%9B%9E(2021%3AR3)-PM/%E4%BF%AE%E6%AD%A3%E5%89%8D-%E7%AC%AC67%E5%9B%9E-%E5%95%8F%E9%A1%8C16(No.2).png
522,https://mtlifeapplication.s3.ap-northeast-1.amazonaws.com/%E7%AC%AC67%E5%9B%9E(2021%3AR3)-PM/%E4%BF%AE%E6%AD%A3%E5%89%8D-%E7%AC%AC67%E5%9B%9E-%E5%95%8F%E9%A1%8C22(No.3).png
524,https://mtlifeapplication.s3.ap-northeast-1.amazonaws.com/%E7%AC%AC67%E5%9B%9E(2021%3AR3)-PM/%E4%BF%AE%E6%AD%A3%E5%89%8D-%E7%AC%AC67%E5%9B%9E-%E5%95%8F%E9%A1%8C24(No.4).png
525,https://mtlifeapplication.s3.ap-northeast-1.amazonaws.com/%E7%AC%AC67%E5%9B%9E(2021%3AR3)-PM/%E4%BF%AE%E6%AD%A3%E5%89%8D-%E7%AC%AC67%E5%9B%9E-%E5%95%8F%E9%A1%8C25(No.5).jpg
545,https://mtlifeapplication.s3.ap-northeast-1.amazonaws.com/%E7%AC%AC67%E5%9B%9E(2021%3AR3)-PM/%E4%BF%AE%E6%AD%A3%E5%89%8D-%E7%AC%AC67%E5%9B%9E-%E5%95%8F%E9%A1%8C45(No.6).jpg
549,https://mtlifeapplication.s3.ap-northeast-1.amazonaws.com/%E7%AC%AC67%E5%9B%9E(2021%3AR3)-PM/%E4%BF%AE%E6%AD%A3%E5%89%8D-%E7%AC%AC67%E5%9B%9E-%E5%95%8F%E9%A1%8C49(No.7).jpg
551,https://mtlifeapplication.s3.ap-northeast-1.amazonaws.com/%E7%AC%AC67%E5%9B%9E(2021%3AR3)-PM/%E4%BF%AE%E6%AD%A3%E5%89%8D-%E7%AC%AC67%E5%9B%9E-%E5%95%8F%E9%A1%8C51(No.8-A).jpg
551,https://mtlifeapplication.s3.ap-northeast-1.amazonaws.com/%E7%AC%AC67%E5%9B%9E(2021%3AR3)-PM/%E4%BF%AE%E6%AD%A3%E5%89%8D-%E7%AC%AC67%E5%9B%9E-%E5%95%8F%E9%A1%8C51(No.8-B).jpg
559,https://mtlifeapplication.s3.ap-northeast-1.amazonaws.com/%E7%AC%AC67%E5%9B%9E(2021%3AR3)-PM/%E4%BF%AE%E6%AD%A3%E5%89%8D-%E7%AC%AC67%E5%9B%9E-%E5%95%8F%E9%A1%8C59(No.9).jpg
561,https://mtlifeapplication.s3.ap-northeast-1.amazonaws.com/%E7%AC%AC67%E5%9B%9E(2021%3AR3)-PM/%E4%BF%AE%E6%AD%A3%E5%89%8D-%E7%AC%AC67%E5%9B%9E-%E5%95%8F%E9%A1%8C61(No.10).jpg
569,https://mtlifeapplication.s3.ap-northeast-1.amazonaws.com/%E7%AC%AC67%E5%9B%9E(2021%3AR3)-PM/%E4%BF%AE%E6%AD%A3%E5%89%8D-%E7%AC%AC67%E5%9B%9E-%E5%95%8F%E9%A1%8C69(No.11).jpg
575,https://mtlifeapplication.s3.ap-northeast-1.amazonaws.com/%E7%AC%AC67%E5%9B%9E(2021%3AR3)-PM/%E4%BF%AE%E6%AD%A3%E5%89%8D-%E7%AC%AC67%E5%9B%9E-%E5%95%8F%E9%A1%8C75(No.12).png
585,https://mtlifeapplication.s3.ap-northeast-1.amazonaws.com/%E7%AC%AC67%E5%9B%9E(2021%3AR3)-PM/%E4%BF%AE%E6%AD%A3%E5%89%8D-%E7%AC%AC67%E5%9B%9E-%E5%95%8F%E9%A1%8C85(No.13-A).jpg
585,https://mtlifeapplication.s3.ap-northeast-1.amazonaws.com/%E7%AC%AC67%E5%9B%9E(2021%3AR3)-PM/%E4%BF%AE%E6%AD%A3%E5%89%8D-%E7%AC%AC67%E5%9B%9E-%E5%95%8F%E9%A1%8C85(No.13-B).jpg